timestamp,model,protected_attribute,target_column,techniques,fitness,fairness,performance,extra
1781751575.3629591,lr,sex,target,"[""standard"",""min_max_scaling"",""ipw"",""oversampling""]",0.41399200355992816,0.11344116194223132,0.9414251690620876,
1781751575.4006279,lr,sex,target,"[""undersampling"",""matching"",""standard"",""ipw""]",0.37417777501663557,0.1868257444384783,0.9351812944717495,
1781751575.5016499,lr,sex,target,"[""clustering"",""oversampling"",""standard""]",0.399730861738242,0.1462297723564381,0.9456914958329221,
1781751575.6119528,lr,sex,target,"[""standard"",""min_max_scaling"",""clustering"",""ipw"",""undersampling""]",0.42963105663872925,0.14073788672254148,1.0,
1781751575.683237,lr,sex,target,"[""matching"",""min_max_scaling"",""ipw"",""oversampling""]",0.3328459696813678,0.25301295295641774,0.9187048923191533,
1781751575.7904692,lr,sex,target,"[""stratified_sampling"",""min_max_scaling"",""clustering"",""ipw"",""undersampling""]",0.42683460435465126,0.14633079129069745,1.0,
1781751575.831053,lr,sex,target,"[""standard"",""min_max_scaling"",""clustering"",""ipw"",""oversampling""]",0.40854477768732717,0.18291044462534567,1.0,
1781751575.910344,lr,sex,target,"[""stratified_sampling"",""standard"",""ipw"",""matching"",""oversampling"",""clustering"",""min_max_scaling"",""undersampling""]",0.40960004860345983,0.13714806977022617,0.9563481669771459,
1781751575.945398,lr,sex,target,"[""stratified_sampling"",""matching"",""oversampling""]",0.41492307201855055,0.13090047964728269,0.9607466236843838,
1781751575.990858,lr,sex,target,"[""oversampling"",""matching"",""ipw"",""clustering"",""stratified_sampling"",""min_max_scaling"",""standard""]",0.4051847733546308,0.14531775891425014,0.9556873056235118,
1781751576.0516438,lr,sex,target,"[""clustering"",""min_max_scaling"",""ipw"",""undersampling""]",0.34095892444763887,0.26491464369375256,0.9468324925890304,
1781751576.094283,lr,sex,target,"[""clustering"",""undersampling""]",0.36676207950954204,0.22709580792768302,0.9606199669467671,
1781751576.134305,lr,sex,target,"[""stratified_sampling"",""standard"",""ipw"",""matching"",""undersampling"",""clustering"",""min_max_scaling""]",0.42546646032027646,0.13702424879030076,0.9879571694308537,
1781751576.184466,lr,sex,target,"[""ipw""]",0.41699434440046396,0.1058299465975145,0.9398186353984425,
1781751576.231153,lr,sex,target,"[""matching"",""clustering"",""undersampling"",""stratified_sampling""]",0.3462536635375611,0.24056770227822863,0.9330750293533508,
1781751576.274751,lr,sex,target,"[""ipw"",""undersampling"",""clustering"",""standard"",""min_max_scaling"",""stratified_sampling"",""oversampling""]",0.4142033349642626,0.1257509122811766,0.9541575822097018,
1781751576.3123798,lr,sex,target,"[""ipw"",""undersampling"",""clustering""]",0.3642993599836877,0.23422201199089068,0.962820731958266,
1781751576.357763,lr,sex,target,"[""ipw"",""undersampling"",""clustering"",""matching"",""min_max_scaling"",""stratified_sampling"",""oversampling""]",0.37526405789544864,0.1920544574235387,0.942582573214436,
1781751576.400255,lr,sex,target,"[""ipw"",""undersampling"",""clustering"",""standard"",""min_max_scaling"",""matching"",""oversampling""]",0.3734459847421203,0.17448861143051864,0.9213805809147593,
1781751576.44669,lr,sex,target,"[""stratified_sampling"",""oversampling"",""matching"",""standard"",""undersampling""]",0.369290512617514,0.2238440008978888,0.9624250261329168,
1781751576.498083,lr,sex,target,"[""matching"",""undersampling"",""standard"",""oversampling"",""clustering"",""ipw"",""stratified_sampling""]",0.45180121369575976,0.08969002894441495,0.9932924563359344,
1781751576.533338,lr,sex,target,"[""oversampling"",""standard"",""min_max_scaling""]",0.4020530479334086,0.14032948248784086,0.9444355783546581,
1781751576.5897741,lr,sex,target,"[""stratified_sampling"",""standard"",""matching"",""clustering"",""ipw"",""undersampling""]",0.4261572413268469,0.13702424879030076,0.9893387314439945,
1781751576.62464,lr,sex,target,"[""oversampling"",""stratified_sampling""]",0.36675860249658737,0.2254953206081026,0.9590125256012774,
1781751576.661172,lr,sex,target,"[""oversampling"",""stratified_sampling"",""undersampling"",""ipw""]",0.3950958223486765,0.16194720830338005,0.9521388530007331,
1781751576.6961842,lr,sex,target,"[""stratified_sampling"",""undersampling""]",0.3543821551594349,0.22887032005666186,0.9376346303755316,
1781751576.7267818,lr,sex,target,"[""oversampling"",""ipw"",""matching""]",0.4300263468716213,0.10517654387028912,0.9652292376135316,
1781751576.760867,lr,sex,target,"[""clustering""]",0.4090109049448018,0.12091412168168962,0.9389359315712932,
1781751576.7917929,lr,sex,target,"[""stratified_sampling"",""ipw"",""clustering"",""min_max_scaling""]",0.38804009315897936,0.15412488096698626,0.930205067284945,
1781751576.8253481,lr,sex,target,"[""undersampling"",""ipw"",""matching""]",0.36651504249933237,0.19679725440998827,0.929827339408653,
1781751576.863261,lr,sex,target,"[""undersampling"",""clustering"",""oversampling"",""ipw"",""min_max_scaling"",""matching""]",0.39681377400701245,0.14521404056974122,0.9388415885837661,
1781751576.890032,lr,sex,target,"[""standard""]",0.4167627109149218,0.1058299465975145,0.9393553684273581,
1781751576.92294,lr,sex,target,"[""standard"",""ipw""]",0.4167627109149218,0.1058299465975145,0.9393553684273581,
1781751576.94991,lr,sex,target,"[""min_max_scaling""]",0.4119887679095381,0.11294681003151348,0.9369243458505897,
1781751576.986253,lr,sex,target,"[""min_max_scaling"",""undersampling"",""oversampling"",""clustering""]",0.4515305180492659,0.09693896390146821,1.0,
1781751577.014088,lr,sex,target,"[""matching"",""stratified_sampling""]",0.38225238489428737,0.17800247510773828,0.942507244896313,
1781751577.048095,lr,sex,target,"[""min_max_scaling"",""standard"",""clustering""]",0.43498023637041006,0.09573466656799993,0.96569513930882,
1781751577.079144,lr,sex,target,"[""stratified_sampling"",""matching"",""clustering""]",0.4158982670886497,0.1034623599056901,0.9352588940829895,
