dataset_name,protected_attribute,model_identifier,method,performance_score,fairness_score,elapsed_seconds,error
german,age,rf,FATE,0.996018140182546,0.013225299869502,131.51408410072327,
german,age,rf,Reweighing,0.6155262227577503,0.18758417466459398,0.7184724807739258,
german,age,xgb,FATE,0.9910769942498605,0.03949135091594437,146.03468823432922,
german,age,xgb,Reweighing,0.6110517479087323,0.22134382473994427,1.0450727939605713,
heart,age,lr,FATE,0.9238775602337075,0.0892715936881322,16.885751724243164,
heart,age,lr,Reweighing,0.8592407533857018,0.34516524568769147,0.1389460563659668,
adult,race,rf,FATE,0.9866211016668606,0.06831182494892535,1411.1892001628876,
adult,race,rf,Reweighing,0.7979909913063182,0.16930813804045597,10.796175241470337,
german,age,lr,FATE,0.9327057130473854,0.06175943052451868,107.63500356674194,
german,age,lr,Reweighing,0.2766715786065337,1,0.9986677169799805,
adult,race,xgb,FATE,0.9921768113662246,0.08538171480337375,251.1255795955658,
adult,race,xgb,Reweighing,0.8271341625368998,0.17959247570903933,4.166189432144165,
adult,race,svc,FATE,0.9741670140377228,0.07621393077795059,324.7295172214508,
adult,race,svc,Reweighing,0.4869136840551821,0.10313136805995697,0.9078414440155029,
heart,age,svc,FATE,0.7913888888888889,0.7694444444444445,4.047579526901245,
heart,age,svc,Reweighing,0.8891409669401369,0.33806346019916705,0.03833317756652832,
adult,race,lr,FATE,0.9740036121697182,0.07838561370160664,3363.8702886104584,
adult,race,lr,Reweighing,0.4767780660473699,0.12594432788272772,70.26021885871887,
german,sex,rf,FATE,0.9757829468984773,0.10743114006752247,146.015625,
german,sex,rf,Reweighing,0.598759054803279,0.16969157944581817,0.8294413089752197,
german,sex,lr,FATE,0.9160030811289829,0.11674303974640492,103.0953574180603,
german,sex,lr,Reweighing,0.36507848186405756,1,1.0343053340911865,
heart,age,rf,FATE,0.9970309985113058,0.1483543075581706,36.37212157249451,
heart,age,rf,Reweighing,0.8889432521309748,0.2742284463997571,0.39318370819091797,
heart,age,xgb,FATE,0.9953737618363,0.1308142160457457,65.43051600456238,
heart,age,xgb,Reweighing,0.8595110927805127,0.28500318634085403,0.9698607921600342,
german,sex,xgb,FATE,0.9487914572790768,0.0719890693353267,103.19032144546509,
german,sex,xgb,Reweighing,0.6129131685610428,0.0811174776412866,1.1870412826538086,
german,age,svc,FATE,0.9319534242614493,0.07168777164174801,57.860620975494385,
german,age,svc,Reweighing,0.6077925194140886,0.1775993443293854,0.06969165802001953,
adult,sex,rf,FATE,0.9768845308732266,0.1353815326869795,902.9675273895264,
adult,sex,rf,Reweighing,0.7854275442887098,0.33660951106734904,12.079378604888916,
adult,sex,xgb,FATE,0.9793561709287099,0.15484661110168182,1296.417643070221,
adult,sex,xgb,Reweighing,0.8206100768015737,0.39511655623651104,7.281713247299194,
adult,sex,svc,FATE,0.9754174953849442,0.13520080886519628,728.1153347492218,
adult,sex,svc,Reweighing,0.4781308472091522,0.9519274654551003,1.2810897827148438,
heart,sex,lr,FATE,0.9323438583595474,0.45128530593061483,45.72058582305908,
heart,sex,lr,Reweighing,0.8421168830149146,0.25222366640507354,0.12468075752258301,
heart,sex,svc,FATE,0.9742322961631942,0.39855678819789847,33.72891664505005,
heart,sex,svc,Reweighing,0.8853017896007014,0.27638766771083023,0.04264569282531738,
german,sex,svc,FATE,0.8957516542597105,0.11154942400781909,12.767224550247192,
german,sex,svc,Reweighing,0.602352346348934,0.08609479547205473,0.11224937438964844,
adult,sex,lr,FATE,0.9748058572762881,0.1471473863970868,4320.145382165909,
adult,sex,lr,Reweighing,0.47593386442869434,0.35393780661378277,68.86636304855347,
heart,sex,rf,FATE,0.9769093255017625,0.3552267917267917,25.821630716323853,
heart,sex,rf,Reweighing,0.8752390455910879,0.30415152107379995,0.4093296527862549,
heart,sex,xgb,FATE,0.9835729363642807,0.2263238495823635,181.7608778476715,
heart,sex,xgb,Reweighing,0.854464877532422,0.2500016499660968,1.582015037536621,
german,age,rf,DIR,0.46138882878527754,0.13687787687985073,0.9572110176086426,
german,age,xgb,DIR,0.4589388214217891,0.19920552475304446,0.6528890132904053,
heart,age,lr,DIR,0.491456758568461,1,0.05670809745788574,
adult,race,rf,DIR,0.7886649789401851,0.17278689918077775,22.481430292129517,
german,age,lr,DIR,0.27788781763123954,1,0.9959197044372559,
adult,race,xgb,DIR,0.8004318616470714,0.17287220552377155,16.67916750907898,
adult,race,svc,DIR,0.4878189680555611,0.10313136805995697,15.105553150177002,
heart,age,svc,DIR,0.491456758568461,0.15638585153681236,0.06666159629821777,
adult,race,lr,DIR,0.4836476010794903,0.13161625390658263,85.00988841056824,
german,sex,rf,DIR,0.6038485166927446,0.14980397146433475,0.8423457145690918,
german,sex,lr,DIR,0.38859884575073905,1,1.1375038623809814,
heart,age,rf,DIR,0.4612429378531074,1,0.35755157470703125,
heart,age,xgb,DIR,0.4612429378531074,1,0.32732105255126953,
german,sex,xgb,DIR,0.6060515505506329,0.07593886334730138,0.8161180019378662,
german,age,svc,DIR,0.498872519337027,0.1540822205738165,0.2389822006225586,
adult,sex,rf,DIR,0.7870648826756035,0.9737114852002021,23.776050806045532,
adult,sex,xgb,DIR,0.8031110997947154,0.8053529417134601,17.082958459854126,
adult,sex,svc,DIR,0.4829402407841766,0.9519274654551003,15.063058614730835,
heart,sex,lr,DIR,0.8679978688115849,0.33628160119128164,0.13907885551452637,
heart,sex,svc,DIR,0.8896771375417153,0.29786838155351386,0.04209542274475098,
german,sex,svc,DIR,0.598800778627795,0.07814431246165354,0.18184447288513184,
adult,sex,lr,DIR,0.4833999419844412,0.33485960468218706,88.95970606803894,
heart,sex,rf,DIR,0.8766324009523185,0.28037974754687767,0.4159586429595947,
heart,sex,xgb,DIR,0.8551982824884303,0.26907641508268915,0.31815242767333984,
german,age,rf,FairSMOTE,0.6118977547326612,0.1349214809583647,0.833611011505127,
german,age,xgb,FairSMOTE,0.5967430340323647,0.20302238259721073,0.5900900363922119,
heart,age,lr,FairSMOTE,0.8677175869995837,0.30057929502176145,0.18094825744628906,
adult,race,rf,FairSMOTE,0.7794573318624616,0.1950287554377141,18.16126537322998,
german,age,lr,FairSMOTE,0.4201098331874003,0.0,1.5702927112579346,
adult,race,xgb,FairSMOTE,0.8214110163492588,0.2002639163219857,5.253644943237305,
adult,race,svc,FairSMOTE,0.7609395805674031,0.10313136805995697,3.1141233444213867,
heart,age,svc,FairSMOTE,0.8872963519989412,0.32964035791063656,0.04201388359069824,
adult,race,lr,FairSMOTE,0.5028224597373411,0.11617712571932187,192.82366919517517,
german,sex,rf,FairSMOTE,0.6276622092342697,0.0826723408870148,0.9269616603851318,
german,sex,lr,FairSMOTE,0.43161962897594197,0.057944709221737535,1.9524240493774414,
heart,age,rf,FairSMOTE,0.8625450033533675,0.2758378321598136,0.3841993808746338,
heart,age,xgb,FairSMOTE,0.8596434931382564,0.28715038319475883,0.27172327041625977,
german,sex,xgb,FairSMOTE,0.6157487368884167,0.06460003732442235,0.4829378128051758,
german,age,svc,FairSMOTE,0.602380314911547,0.10852877364381759,0.0421602725982666,
adult,sex,rf,FairSMOTE,0.7671429669787184,0.5446167203395393,14.452465772628784,
adult,sex,xgb,FairSMOTE,0.8185274516339247,0.5115893291130923,4.3250017166137695,
adult,sex,svc,FairSMOTE,0.7424415442226703,0.9519274654551003,2.029632091522217,
heart,sex,lr,FairSMOTE,0.8654745467549585,0.31030339786266165,0.19562101364135742,
heart,sex,svc,FairSMOTE,0.8810051741056008,0.2936072789761268,0.04200387001037598,
german,sex,svc,FairSMOTE,0.6018304183083302,0.07250819507654571,0.056330204010009766,
adult,sex,lr,FairSMOTE,0.5008615800578321,0.26017030815834424,137.42253804206848,
heart,sex,rf,FairSMOTE,0.8715378876648625,0.26734558836151207,0.4362204074859619,
heart,sex,xgb,FairSMOTE,0.8508678274823114,0.30387603571748684,0.2880978584289551,
