dataset,dataset_name,protected_attribute,model_identifier,method,population_size,generations,alpha,beta,techniques,performance_score,fairness_score,elapsed_seconds,error
datasets/german.csv,german,age,rf,FATE,100,15,0.0,1.0,"['min_max_scaling', 'oversampling', 'clustering']",0.9955699215419335,0.01633474710301807,0.06249117851257324,
datasets/german.csv,german,age,rf,FairSMOTE,100,15,0.0,1.0,,0.6176050000822039,0.14882350649420675,0.3874220848083496,
datasets/german.csv,german,age,rf,Reweighing,100,15,0.0,1.0,,0.6176050000822039,0.14882350649420675,0.39121079444885254,
datasets/german.csv,german,age,rf,DIR,100,15,0.0,1.0,,0.4603824544504177,0.14588068081049843,0.6466586589813232,
datasets/german.csv,german,age,xgb,FATE,100,10,1.0,0.5,"['oversampling', 'min_max_scaling']",0.9911305010179727,0.0436115846062863,0.07083392143249512,
datasets/german.csv,german,age,xgb,FairSMOTE,100,10,1.0,0.5,,0.5802573251882098,0.19435079159692967,0.18254780769348145,
datasets/german.csv,german,age,xgb,Reweighing,100,10,1.0,0.5,,0.5802573251882098,0.19435079159692967,0.1719799041748047,
datasets/german.csv,german,age,xgb,DIR,100,10,1.0,0.5,,0.46032837302694524,0.22238440354839506,0.3450486660003662,
datasets/heart.csv,heart,age,lr,FATE,5,20,0.5,1.0,"['oversampling', 'undersampling', 'min_max_scaling', 'clustering']",0.9494859212315824,0.17969390225779314,0.003002166748046875,
datasets/heart.csv,heart,age,lr,FairSMOTE,5,20,0.5,1.0,,0.8592407533857018,0.34516524568769147,0.11031413078308105,
datasets/heart.csv,heart,age,lr,Reweighing,5,20,0.5,1.0,,0.8592407533857018,0.34516524568769147,0.11410713195800781,
datasets/heart.csv,heart,age,lr,DIR,5,20,0.5,1.0,,0.491456758568461,,0.04801774024963379,
datasets/adult.csv,adult,race,rf,FATE,50,20,0.5,0.5,"['undersampling', 'clustering']",0.9778925213097178,0.060558873540975354,1.86146879196167,
datasets/adult.csv,adult,race,rf,FairSMOTE,50,20,0.5,0.5,,0.7978061605830903,0.17566811771791382,5.6569600105285645,
datasets/adult.csv,adult,race,rf,Reweighing,50,20,0.5,0.5,,0.7982021745853685,0.16772426261421422,5.714080095291138,
datasets/adult.csv,adult,race,rf,DIR,50,20,0.5,0.5,,0.788612016388881,0.17466049849725707,18.752352714538574,
datasets/german.csv,german,age,lr,FATE,50,5,1.0,1.0,"['standard', 'oversampling']",0.9356312774488658,0.07328859892208067,0.009597301483154297,
datasets/german.csv,german,age,lr,FairSMOTE,50,5,1.0,1.0,,0.2766715786065337,,0.8938748836517334,
datasets/german.csv,german,age,lr,Reweighing,50,5,1.0,1.0,,0.2766715786065337,,0.9012668132781982,
datasets/german.csv,german,age,lr,DIR,50,5,1.0,1.0,,0.27788781763123954,,0.9369370937347412,
datasets/adult.csv,adult,race,xgb,FATE,20,20,0.0,1.0,"['standard', 'oversampling', 'ipw']",0.9921768113662246,0.08538171480337375,0.7099130153656006,
datasets/adult.csv,adult,race,xgb,FairSMOTE,20,20,0.0,1.0,,0.8277451904494859,0.1947068419554896,1.734868049621582,
datasets/adult.csv,adult,race,xgb,Reweighing,20,20,0.0,1.0,,0.828549238287169,0.17674933915600652,1.8000566959381104,
datasets/adult.csv,adult,race,xgb,DIR,20,20,0.0,1.0,,0.8027366688095079,0.1704144881481502,15.295682191848755,
datasets/adult.csv,adult,race,svc,FATE,100,5,0.25,0.75,"['undersampling', 'standard']",0.9744076343242909,0.0765791448576537,0.9007630348205566,
datasets/adult.csv,adult,race,svc,FairSMOTE,100,5,0.25,0.75,,0.48396333590899426,0.10313136805995697,0.38750600814819336,
datasets/adult.csv,adult,race,svc,Reweighing,100,5,0.25,0.75,,0.4871793683844815,0.10313136805995697,0.43541574478149414,
datasets/adult.csv,adult,race,svc,DIR,100,5,0.25,0.75,,0.487955218883787,0.10313136805995697,13.908092498779297,
datasets/heart.csv,heart,age,svc,FATE,5,5,0.25,0.5,"[np.str_('undersampling'), 'oversampling', np.str_('standard')]",0.9506658451719991,0.15411645327349577,0.0007450580596923828,
datasets/heart.csv,heart,age,svc,FairSMOTE,5,5,0.25,0.5,,0.8891213735496162,0.33806346019916705,0.012764453887939453,
datasets/heart.csv,heart,age,svc,Reweighing,5,5,0.25,0.5,,0.8891213735496162,0.33806346019916705,0.016899824142456055,
datasets/heart.csv,heart,age,svc,DIR,5,5,0.25,0.5,,0.491456758568461,0.15638585153681236,0.043497323989868164,
datasets/adult.csv,adult,race,lr,FATE,50,50,0.0,0.5,"['min_max_scaling', 'undersampling', 'ipw', 'clustering']",0.9740036121697182,0.07838561370160664,4.335384130477905,
datasets/adult.csv,adult,race,lr,FairSMOTE,50,50,0.0,0.5,,0.4770522454179883,0.12434807736318505,60.16730570793152,
datasets/adult.csv,adult,race,lr,Reweighing,50,50,0.0,0.5,,0.4767780660473699,0.12594432788272772,59.63480019569397,
datasets/adult.csv,adult,race,lr,DIR,50,50,0.0,0.5,,0.4836476010794903,0.13161625390658263,73.6462242603302,
datasets/german.csv,german,sex,rf,FATE,100,5,0.0,1.0,"[np.str_('standard'), 'clustering', 'ipw', 'undersampling', np.str_('stratified_sampling')]",1.0,0.13561229850054715,0.020505189895629883,
datasets/german.csv,german,sex,rf,FairSMOTE,100,5,0.0,1.0,,0.6198908938953307,0.12729510809284916,0.38591837882995605,
datasets/german.csv,german,sex,rf,Reweighing,100,5,0.0,1.0,,0.5992315238648929,0.161682658115729,0.39614105224609375,
datasets/german.csv,german,sex,rf,DIR,100,5,0.0,1.0,,0.6044643888185213,0.15147567506390436,0.5425741672515869,
datasets/german.csv,german,sex,lr,FATE,100,5,1.0,0.0,[np.str_('stratified_sampling')],0.3678416595467168,,0.019371986389160156,
datasets/german.csv,german,sex,lr,FairSMOTE,100,5,1.0,0.0,,0.3609778872394275,,0.9325361251831055,
datasets/german.csv,german,sex,lr,Reweighing,100,5,1.0,0.0,,0.36507848186405756,,0.9014880657196045,
datasets/german.csv,german,sex,lr,DIR,100,5,1.0,0.0,,0.38859884575073905,inf,1.0569968223571777,
datasets/heart.csv,heart,age,rf,FATE,15,5,0.5,1.0,"['oversampling', np.str_('stratified_sampling')]",0.9965009937141971,0.1361523039521123,0.002418994903564453,
datasets/heart.csv,heart,age,rf,FairSMOTE,15,5,0.5,1.0,,0.8872613516694241,0.2742284463997571,0.25014591217041016,
datasets/heart.csv,heart,age,rf,Reweighing,15,5,0.5,1.0,,0.8872613516694241,0.2742284463997571,0.25614023208618164,
datasets/heart.csv,heart,age,rf,DIR,15,5,0.5,1.0,,0.4612429378531074,,0.24771761894226074,
datasets/heart.csv,heart,age,xgb,FATE,100,5,0.25,0.0,"[np.str_('clustering'), np.str_('oversampling'), np.str_('ipw'), np.str_('standard'), np.str_('min_max_scaling')]",0.997753164653975,0.13577210094018588,0.019680023193359375,
datasets/heart.csv,heart,age,xgb,FairSMOTE,100,5,0.25,0.0,,0.8595110927805127,0.28500318634085403,0.06136822700500488,
datasets/heart.csv,heart,age,xgb,Reweighing,100,5,0.25,0.0,,0.8595110927805127,0.28500318634085403,0.06367015838623047,
datasets/heart.csv,heart,age,xgb,DIR,100,5,0.25,0.0,,0.4612429378531074,,0.07042098045349121,
datasets/german.csv,german,sex,xgb,FATE,100,5,0.0,0.5,"['stratified_sampling', np.str_('ipw'), 'standard', np.str_('clustering'), np.str_('undersampling')]",0.8717366634919526,0.07626544123962348,0.05995798110961914,
datasets/german.csv,german,sex,xgb,FairSMOTE,100,5,0.0,0.5,,0.6010422291230249,0.11330312229074901,0.1574394702911377,
datasets/german.csv,german,sex,xgb,Reweighing,100,5,0.0,0.5,,0.6155173646035028,0.12100846472077736,0.15831422805786133,
datasets/german.csv,german,sex,xgb,DIR,100,5,0.0,0.5,,0.594755037687159,0.12826204297200766,0.3115837574005127,
datasets/german.csv,german,age,svc,FATE,50,20,0.25,1.0,"['oversampling', 'clustering', 'ipw', 'min_max_scaling']",0.9381286368402446,0.06545864863159036,0.08275079727172852,
datasets/german.csv,german,age,svc,FairSMOTE,50,20,0.25,1.0,,0.6033649523288966,0.20286278057404913,0.02226424217224121,
datasets/german.csv,german,age,svc,Reweighing,50,20,0.25,1.0,,0.6033649523288966,0.20286278057404913,0.027141571044921875,
datasets/german.csv,german,age,svc,DIR,50,20,0.25,1.0,,0.5006510945489795,0.16365567846054313,0.2422504425048828,
datasets/adult.csv,adult,sex,rf,FATE,50,5,0.25,0.5,"[np.str_('matching'), 'ipw', np.str_('stratified_sampling'), 'undersampling', 'standard']",0.9759376292777688,0.1291784959950188,0.42015790939331055,
datasets/adult.csv,adult,sex,rf,FairSMOTE,50,5,0.25,0.5,,0.797894243188921,0.9487170664356221,5.526301145553589,
datasets/adult.csv,adult,sex,rf,Reweighing,50,5,0.25,0.5,,0.7855332316548256,0.33552492111653853,5.787043571472168,
datasets/adult.csv,adult,sex,rf,DIR,50,5,0.25,0.5,,0.7871819310916075,0.9653477182790794,19.444907188415527,
datasets/adult.csv,adult,sex,xgb,FATE,100,15,0.25,1.0,"['undersampling', 'oversampling']",0.9869945260983926,0.13855788825860235,2.6585042476654053,
datasets/adult.csv,adult,sex,xgb,FairSMOTE,100,15,0.25,1.0,,0.8267959251142656,0.8162395007850421,1.916222333908081,
datasets/adult.csv,adult,sex,xgb,Reweighing,100,15,0.25,1.0,,0.8215435653638579,0.39225660388407,1.9055373668670654,
datasets/adult.csv,adult,sex,xgb,DIR,100,15,0.25,1.0,,0.8003331971601682,0.7908655265413381,15.630752325057983,
datasets/adult.csv,adult,sex,svc,FATE,100,15,0.75,0.5,"[np.str_('min_max_scaling'), 'stratified_sampling', 'clustering']",0.9749436405671293,0.14816540369972467,2.6127710342407227,
datasets/adult.csv,adult,sex,svc,FairSMOTE,100,15,0.75,0.5,,0.47985314602902723,0.9519274654551003,0.3879880905151367,
datasets/adult.csv,adult,sex,svc,Reweighing,100,15,0.75,0.5,,0.47901758659160487,0.9519274654551003,0.44136691093444824,
datasets/adult.csv,adult,sex,svc,DIR,100,15,0.75,0.5,,0.4837264604849314,0.9519274654551003,14.375613689422607,
datasets/heart.csv,heart,sex,lr,FATE,100,15,0.0,1.0,"['undersampling', 'oversampling', 'matching']",0.8785084456622692,0.12105512943422936,0.06092119216918945,
datasets/heart.csv,heart,sex,lr,FairSMOTE,100,15,0.0,1.0,,0.8580202194949637,0.3286136212118145,0.1418607234954834,
datasets/heart.csv,heart,sex,lr,Reweighing,100,15,0.0,1.0,,0.8421168830149146,0.25222366640507354,0.1123342514038086,
datasets/heart.csv,heart,sex,lr,DIR,100,15,0.0,1.0,,0.8679978688115849,0.33628160119128164,0.1330406665802002,
datasets/heart.csv,heart,sex,svc,FATE,50,15,0.0,0.5,"[np.str_('undersampling'), 'min_max_scaling', np.str_('matching'), np.str_('oversampling')]",0.9158206638456386,0.32880807640533044,0.03379082679748535,
datasets/heart.csv,heart,sex,svc,FairSMOTE,50,15,0.0,0.5,,0.8878353807944332,0.29055764252344757,0.012261629104614258,
datasets/heart.csv,heart,sex,svc,Reweighing,50,15,0.0,0.5,,0.8853017896007014,0.27638766771083023,0.015036344528198242,
datasets/heart.csv,heart,sex,svc,DIR,50,15,0.0,0.5,,0.8896771375417153,0.29786838155351386,0.0367889404296875,
datasets/german.csv,german,sex,svc,FATE,15,15,0.0,0.25,"[np.str_('clustering'), np.str_('standard'), 'oversampling', np.str_('stratified_sampling'), np.str_('ipw'), 'undersampling']",0.8888626411107208,0.1835580452104633,0.012837886810302734,
datasets/german.csv,german,sex,svc,FairSMOTE,15,15,0.0,0.25,,0.6012379356233509,0.08391055071072064,0.02520155906677246,
datasets/german.csv,german,sex,svc,Reweighing,15,15,0.0,0.25,,0.6005019705414758,0.0825994741345958,0.02788400650024414,
datasets/german.csv,german,sex,svc,DIR,15,15,0.0,0.25,,0.5993206434677851,0.08441840356759213,0.1817913055419922,
datasets/adult.csv,adult,sex,lr,FATE,20,20,0.5,0.75,"[np.str_('min_max_scaling'), 'undersampling', 'oversampling']",0.9747715008171014,0.14506310118048263,0.8289511203765869,
datasets/adult.csv,adult,sex,lr,FairSMOTE,20,20,0.5,0.75,,0.4770521914772706,0.3523629270169388,62.410202503204346,
datasets/adult.csv,adult,sex,lr,Reweighing,20,20,0.5,0.75,,0.47593386442869434,0.35393780661378277,62.98336935043335,
datasets/adult.csv,adult,sex,lr,DIR,20,20,0.5,0.75,,0.4833999419844412,0.33485960468218706,78.04792165756226,
datasets/heart.csv,heart,sex,rf,FATE,10,5,0.75,0.25,"['stratified_sampling', 'oversampling']",0.9914226758120087,0.3565004355185984,0.0016200542449951172,
datasets/heart.csv,heart,sex,rf,FairSMOTE,10,5,0.75,0.25,,0.874897377866068,0.3292679420020869,0.25414299964904785,
datasets/heart.csv,heart,sex,rf,Reweighing,10,5,0.75,0.25,,0.8740850171177554,0.2980700314794455,0.25505733489990234,
datasets/heart.csv,heart,sex,rf,DIR,10,5,0.75,0.25,,0.8762077059326974,0.28037974754687767,0.2741219997406006,
datasets/heart.csv,heart,sex,xgb,FATE,100,15,0.0,0.75,"['oversampling', np.str_('stratified_sampling'), 'undersampling', 'standard']",0.9835729363642807,0.2263238495823635,0.06347990036010742,
datasets/heart.csv,heart,sex,xgb,FairSMOTE,100,15,0.0,0.75,,0.8545099021941231,0.26245199305292005,0.06276893615722656,
datasets/heart.csv,heart,sex,xgb,Reweighing,100,15,0.0,0.75,,0.854464877532422,0.2500016499660968,0.06542778015136719,
datasets/heart.csv,heart,sex,xgb,DIR,100,15,0.0,0.75,,0.8551982824884303,0.26907641508268915,0.08296561241149902,
