dataset,model_identifier,protected_attribute,population_size,generations,alpha,beta,techniques,model_used,fitness,fairness_score,performance_score,elapsed_seconds,error
datasets/german.csv,rf,age,100,15,0.0,1.0,"['oversampling', 'ipw', 'min_max_scaling', 'clustering']",rf,0.491396420156522,0.013225299869502,0.996018140182546,23.3060622215271,
datasets/german.csv,xgb,age,100,10,1.0,0.5,"['min_max_scaling', 'clustering', 'oversampling']",xgb,0.4766455061770242,0.0377515236805124,0.9910425360345608,15.351337194442747,
datasets/heart.csv,lr,age,5,20,0.5,1.0,"['stratified_sampling', 'undersampling', 'standard']",lr,0.4756944444444444,0.0486111111111111,1.0,1.5371103286743164,
datasets/adult.csv,rf,race,50,20,0.5,0.5,"['oversampling', 'min_max_scaling', 'undersampling', 'stratified_sampling', 'clustering', 'standard']",rf,0.4711425587281883,0.0445395876983435,0.98682470515472,119.16526460647584,
datasets/german.csv,lr,age,50,5,1.0,1.0,"['standard', 'min_max_scaling', 'clustering', 'oversampling']",lr,0.4659845017147777,0.067310248812048,0.9992792522416036,3.704748392105103,
datasets/adult.csv,xgb,race,20,20,0.0,1.0,"['clustering', 'min_max_scaling', 'oversampling', 'undersampling', 'matching']",xgb,0.4570153191301508,0.0750619833992151,0.9890926216595168,48.16426205635071,
datasets/adult.csv,svc,race,100,5,0.25,0.75,"['clustering', 'undersampling', 'min_max_scaling', 'standard', 'oversampling', 'stratified_sampling']",svc,0.4523005463832226,0.0711564562990854,0.9757575490655306,60.20934557914734,
datasets/heart.csv,svc,age,5,5,0.25,0.5,"['min_max_scaling', 'ipw', 'stratified_sampling', 'standard', 'undersampling']",svc,0.4498611111111111,0.0902777777777777,0.99,0.3627660274505615,
datasets/adult.csv,lr,race,50,50,0.0,0.5,"['standard', 'ipw', 'oversampling', 'undersampling', 'stratified_sampling']",lr,0.4496524757008717,0.0764428682172449,0.9757478196189884,298.8198170661926,
datasets/german.csv,rf,sex,100,5,0.0,1.0,"['matching', 'ipw', 'undersampling', 'stratified_sampling', 'min_max_scaling', 'oversampling']",rf,0.4479584920932694,0.0743410175348355,0.9702580017213744,7.59637713432312,
datasets/german.csv,lr,sex,100,5,1.0,0.0,"['clustering', 'undersampling', 'min_max_scaling', 'matching', 'stratified_sampling', 'oversampling', 'standard', 'ipw']",lr,0.445522749746079,0.1067274448802414,0.9977729443723996,8.171550750732422,
datasets/heart.csv,rf,age,15,5,0.5,1.0,"['matching', 'ipw', 'oversampling', 'stratified_sampling', 'min_max_scaling']",rf,0.4451480726458057,0.1066395879621957,0.9969357332538072,1.0100407600402832,
datasets/heart.csv,xgb,age,100,5,0.25,0.0,"['ipw', 'min_max_scaling', 'stratified_sampling', 'matching', 'oversampling', 'clustering']",xgb,0.4447042603839989,0.1050627459481224,0.9944712667161204,6.872878789901733,
datasets/german.csv,xgb,sex,100,5,0.0,0.5,"['undersampling', 'stratified_sampling', 'matching', 'oversampling']",xgb,0.4397998545469515,0.0786970233812824,0.9582967324751857,7.570044040679932,
datasets/german.csv,svc,age,50,20,0.25,1.0,"['oversampling', 'min_max_scaling', 'clustering', 'ipw']",svc,0.4363349941043271,0.0654586486315903,0.9381286368402446,14.924402475357056,
datasets/adult.csv,rf,sex,50,5,0.25,0.5,"['standard', 'clustering', 'undersampling', 'oversampling']",rf,0.432776382296821,0.1177017079559523,0.9832544725495944,30.37454319000244,
datasets/adult.csv,xgb,sex,100,15,0.25,1.0,"['standard', 'undersampling', 'min_max_scaling', 'oversampling', 'ipw', 'clustering']",xgb,0.4242183189198951,0.1385578882586023,0.9869945260983926,174.972993850708,
datasets/adult.csv,svc,sex,100,15,0.75,0.5,"['oversampling', 'standard', 'ipw', 'min_max_scaling', 'clustering', 'undersampling']",svc,0.4200752570092226,0.1352901979540368,0.975440711972482,173.14510202407837,
datasets/heart.csv,lr,sex,100,15,0.0,1.0,"['clustering', 'oversampling', 'undersampling', 'stratified_sampling', 'matching']",lr,0.4180857932704911,0.0871464460318949,0.9233180325728771,21.945013523101807,
datasets/heart.csv,svc,sex,50,15,0.0,0.5,"['min_max_scaling', 'matching', 'ipw', 'undersampling', 'standard', 'oversampling', 'clustering']",svc,0.4170430495835477,0.1234365264365264,0.957522625603622,11.112460136413574,
datasets/german.csv,svc,sex,15,15,0.0,0.25,"['min_max_scaling', 'undersampling', 'stratified_sampling', 'oversampling', 'matching']",svc,0.4154405545492553,0.0777861001903758,0.9086672092888864,3.0984036922454834,
datasets/adult.csv,lr,sex,20,20,0.5,0.75,"['oversampling', 'undersampling', 'standard']",lr,0.4150526023032938,0.1452651898323796,0.9753703944389672,48.43839621543884,
datasets/heart.csv,rf,sex,10,5,0.75,0.25,"['oversampling', 'clustering', 'undersampling']",rf,0.4021976697858603,0.164967123247607,0.9693624628193276,0.7564570903778076,
datasets/heart.csv,xgb,sex,100,15,0.0,0.75,"['matching', 'undersampling', 'standard', 'oversampling']",xgb,0.3914258318473687,0.1966241826956113,0.9794758463903488,21.818188428878784,
