dataset,protected_attribute,model,population_size,generations,alpha,beta,techniques,FATE_fitness,FATE_fairness,FATE_performance,fairness_all,fairness_none,fitness_all,fitness_none,performance_all,performance_none,delta_fitness_all,delta_fitness_none,FATE_better_than_all,FATE_better_than_none,FATE_better_than_both
german,age,rf,100,15,0.0,1.0,"['oversampling', 'ipw', 'min_max_scaling', 'clustering']",0.491396420156522,0.013225299869502,0.996018140182546,0.114632433425751,0.2022353993428884,0.4412980185812732,0.1974213812997074,0.9972284705882976,0.5970781619423032,0.05009840157524881,0.29397503885681464,True,True,True
german,age,xgb,100,10,1.0,0.5,"['min_max_scaling', 'clustering', 'oversampling']",0.4766455061770242,0.0377515236805124,0.9910425360345608,0.2675873015873016,0.2413909241768431,0.2721134431045146,0.1841742129645579,0.8118141877963307,0.609739350105959,0.20453206307250965,0.29247129321246634,True,True,True
heart,age,lr,5,20,0.5,1.0,"['stratified_sampling', 'undersampling', 'standard']",0.4756944444444444,0.0486111111111111,1.0,0.161448272296979,0.3101821323991046,0.3946097226809706,0.2683681651354508,0.9506677176589202,0.8469184626700063,0.08108472176347381,0.2073262793089936,True,True,True
adult,race,rf,50,20,0.5,0.5,"['oversampling', 'min_max_scaling', 'undersampling', 'stratified_sampling', 'clustering', 'standard']",0.4711425587281883,0.0445395876983435,0.98682470515472,0.0662909986401013,0.1830149589468039,0.4602209612273603,0.3074022181645165,0.986732921094822,0.7978193952758369,0.010921597500827995,0.16374034056367176,True,True,True
german,age,lr,50,5,1.0,1.0,"['standard', 'min_max_scaling', 'clustering', 'oversampling']",0.4659845017147777,0.067310248812048,0.9992792522416036,inf,inf,-inf,-inf,0.766,0.3732389708118999,inf,inf,True,True,True
adult,race,xgb,20,20,0.0,1.0,"['clustering', 'min_max_scaling', 'oversampling', 'undersampling', 'matching']",0.4570153191301508,0.0750619833992151,0.9890926216595168,0.1897371553965917,0.2018181158959033,0.3626841369602834,0.3132689292656742,0.9151054293171584,0.8283559744272517,0.09433118216986741,0.14374638986447663,True,True,True
adult,race,svc,100,5,0.25,0.75,"['clustering', 'undersampling', 'min_max_scaling', 'standard', 'oversampling', 'stratified_sampling']",0.4523005463832226,0.0711564562990854,0.9757575490655306,0.2567216007208504,0.1372565224944813,0.2571678050947553,0.1732635003108937,0.7710572109103611,0.4837835231162687,0.1951327412884673,0.27903704607232893,True,True,True
heart,age,svc,5,5,0.25,0.5,"['min_max_scaling', 'ipw', 'stratified_sampling', 'standard', 'undersampling']",0.4498611111111111,0.0902777777777777,0.99,0.2566666666666666,0.2249043485274416,0.3129166666666666,0.3360976724264412,0.8825,0.897099693380324,0.13694444444444448,0.11376343868466993,True,True,True
adult,race,lr,50,50,0.0,0.5,"['standard', 'ipw', 'oversampling', 'undersampling', 'stratified_sampling']",0.4496524757008717,0.0764428682172449,0.9757478196189884,0.1987817009903057,0.1218562265019248,0.2754886577211873,0.177375642108358,0.7497590164326805,0.476607510718641,0.1741638179796844,0.2722768335925137,True,True,True
german,sex,rf,100,5,0.0,1.0,"['matching', 'ipw', 'undersampling', 'stratified_sampling', 'min_max_scaling', 'oversampling']",0.4479584920932694,0.0743410175348355,0.9702580017213744,0.2176306654346417,0.1615759338550066,0.3902854436002757,0.22468817906857,0.9982015526351932,0.6109522919921467,0.05767304849299365,0.22327031302469938,True,True,True
german,sex,lr,100,5,1.0,0.0,"['clustering', 'undersampling', 'min_max_scaling', 'matching', 'stratified_sampling', 'oversampling', 'standard', 'ipw']",0.445522749746079,0.1067274448802414,0.9977729443723996,0.1067274448802414,inf,0.445522749746079,-inf,0.9977729443723996,0.3732389708118999,0.0,inf,False,True,False
heart,age,rf,15,5,0.5,1.0,"['matching', 'ipw', 'oversampling', 'stratified_sampling', 'min_max_scaling']",0.4451480726458057,0.1066395879621957,0.9969357332538072,0.1533635728789536,0.3084377739517793,0.4221847446889035,0.2869569393415943,0.9977330622567606,0.882351652634968,0.022963327956902202,0.15819113330421142,True,True,True
heart,age,xgb,100,5,0.25,0.0,"['ipw', 'min_max_scaling', 'stratified_sampling', 'matching', 'oversampling', 'clustering']",0.4447042603839989,0.1050627459481224,0.9944712667161204,0.3422222222222222,0.2833897509782861,0.2466825396825396,0.2840131131957193,0.8355873015873015,0.8514159773697247,0.19802172070145932,0.1606911471882796,True,True,True
german,sex,xgb,100,5,0.0,0.5,"['undersampling', 'stratified_sampling', 'matching', 'oversampling']",0.4397998545469515,0.0786970233812824,0.9582967324751857,0.152870508592924,0.1939736219598546,0.3601252193972106,0.2134712619679399,0.8731209473873454,0.6209161458957345,0.07967463514974088,0.22632859257901158,True,True,True
german,age,svc,50,20,0.25,1.0,"['oversampling', 'min_max_scaling', 'clustering', 'ipw']",0.4363349941043271,0.0654586486315903,0.9381286368402446,0.3552910052910052,0.2996361864948665,0.1002513227513227,0.1557746536773465,0.5557936507936507,0.6111854938495596,0.3360836713530044,0.2805603404269806,True,True,True
adult,sex,rf,50,5,0.25,0.5,"['standard', 'clustering', 'undersampling', 'oversampling']",0.432776382296821,0.1177017079559523,0.9832544725495944,0.8860104943746964,0.9348835123357668,-0.0196465769110625,-0.0678122655105176,0.8467173405525712,0.7992589813147315,0.4524229592078835,0.5005886478073386,True,True,True
adult,sex,xgb,100,15,0.25,1.0,"['standard', 'undersampling', 'min_max_scaling', 'oversampling', 'ipw', 'clustering']",0.4242183189198951,0.1385578882586023,0.9869945260983926,0.8435207068196836,0.8168239646302826,0.0231109112461629,0.0057660048984845,0.8897425293120096,0.8283559744272517,0.4011074076737322,0.4184523140214106,True,True,True
adult,sex,svc,100,15,0.75,0.5,"['oversampling', 'standard', 'ipw', 'min_max_scaling', 'clustering', 'undersampling']",0.4200752570092226,0.1352901979540368,0.975440711972482,0.8872866248578174,0.3374081546295377,-0.0586502930605237,0.0747382144754966,0.7699860387367699,0.486884583580531,0.4787255500697463,0.345337042533726,True,True,True
heart,sex,lr,100,15,0.0,1.0,"['clustering', 'oversampling', 'undersampling', 'stratified_sampling', 'matching']",0.4180857932704911,0.0871464460318949,0.9233180325728771,0.4449665797377468,0.2953903567079064,0.2481503572757104,0.2757640529810499,0.9412672942891676,0.8469184626700063,0.16993543599478073,0.14232174028944122,True,True,True
heart,sex,svc,50,15,0.0,0.5,"['min_max_scaling', 'matching', 'ipw', 'undersampling', 'standard', 'oversampling', 'clustering']",0.4170430495835477,0.1234365264365264,0.957522625603622,0.4224775566688795,0.3834425178750795,0.2772217755948947,0.2568285877526223,0.9769211078586688,0.897099693380324,0.13982127398865302,0.16021446183092541,True,True,True
german,sex,svc,15,15,0.0,0.25,"['min_max_scaling', 'undersampling', 'stratified_sampling', 'oversampling', 'matching']",0.4154405545492553,0.0777861001903758,0.9086672092888864,0.2063607331915455,0.2255202791992783,0.349536677745887,0.1927591697512656,0.9054340886833196,0.6110386187018095,0.06590387680336834,0.2226813847979897,True,True,True
adult,sex,lr,20,20,0.5,0.75,"['oversampling', 'undersampling', 'standard']",0.4150526023032938,0.1452651898323796,0.9753703944389672,0.7942725023001801,0.3443173258155434,-0.0131846460547177,0.0661450924515487,0.7679032101907446,0.476607510718641,0.4282372483580115,0.3489075098517451,True,True,True
heart,sex,rf,10,5,0.75,0.25,"['oversampling', 'clustering', 'undersampling']",0.4021976697858603,0.164967123247607,0.9693624628193276,0.3749568932797424,0.3305987792936238,0.3056756397493432,0.2780076434297548,0.9863081727784287,0.8866140661531334,0.0965220300365171,0.12419002635610549,True,True,True
heart,sex,xgb,100,15,0.0,0.75,"['matching', 'undersampling', 'standard', 'oversampling']",0.3914258318473687,0.1966241826956113,0.9794758463903488,0.2769137291280147,0.2890198214504088,0.3587763306810569,0.2794008529681702,0.9944663904901286,0.8478215273867491,0.03264950116631177,0.11202497887919849,True,True,True
