dataset,model_identifier,protected_attribute,population_size,generations,alpha,beta,techniques,model_used,fitness,fairness_score,performance_score,elapsed_seconds,error
datasets/german.csv,rf,age,50,5,1.0,1.0,"['oversampling', 'min_max_scaling', 'ipw', 'clustering']",rf,0.491396420156522,0.013225299869502,0.996018140182546,4.587910413742065,
datasets/german.csv,xgb,age,20,20,1.0,0.75,"['oversampling', 'min_max_scaling', 'clustering']",xgb,0.4766455061770242,0.0377515236805124,0.9910425360345608,7.490658760070801,
datasets/heart.csv,lr,age,50,20,0.25,1.0,"['stratified_sampling', 'standard', 'undersampling']",lr,0.4756944444444444,0.0486111111111111,1.0,15.749723196029665,
datasets/adult.csv,rf,race,5,15,0.5,0.75,"['oversampling', 'undersampling', 'clustering', 'stratified_sampling', 'min_max_scaling', 'standard']",rf,0.4711425587281883,0.0445395876983435,0.98682470515472,9.51943039894104,
datasets/german.csv,lr,age,50,5,0.0,0.5,"['oversampling', 'clustering', 'min_max_scaling', 'standard']",lr,0.4659845017147777,0.067310248812048,0.9992792522416036,4.251471757888794,
datasets/adult.csv,xgb,race,10,5,1.0,0.75,"['undersampling', 'min_max_scaling', 'matching', 'clustering', 'oversampling']",xgb,0.4570153191301508,0.0750619833992151,0.9890926216595168,6.437627077102661,
datasets/adult.csv,svc,race,50,5,0.75,0.75,"['stratified_sampling', 'undersampling', 'oversampling', 'standard', 'clustering', 'min_max_scaling']",svc,0.4523005463832226,0.0711564562990854,0.9757575490655306,32.3737359046936,
datasets/heart.csv,svc,age,20,10,0.25,0.5,"['undersampling', 'min_max_scaling', 'standard', 'stratified_sampling', 'ipw']",svc,0.4498611111111111,0.0902777777777777,0.99,3.4624454975128174,
datasets/adult.csv,lr,race,50,10,0.0,0.75,"['undersampling', 'oversampling', 'ipw', 'standard', 'stratified_sampling']",lr,0.4496524757008717,0.0764428682172449,0.9757478196189884,62.50729060173035,
datasets/german.csv,rf,sex,5,50,0.0,0.25,"['matching', 'undersampling', 'stratified_sampling', 'oversampling', 'min_max_scaling', 'ipw']",rf,0.4479584920932694,0.0743410175348355,0.9702580017213744,18.9573335647583,
datasets/heart.csv,rf,age,15,15,0.0,1.0,"['matching', 'stratified_sampling', 'ipw', 'min_max_scaling', 'oversampling']",rf,0.4451480726458057,0.1066395879621957,0.9969357332538072,3.9441497325897217,
datasets/heart.csv,xgb,age,50,5,0.25,0.25,"['ipw', 'min_max_scaling', 'oversampling', 'matching', 'clustering', 'stratified_sampling']",xgb,0.4447042603839989,0.1050627459481224,0.9944712667161204,4.395689725875855,
datasets/german.csv,lr,sex,50,20,0.5,1.0,"['standard', 'clustering', 'undersampling']",lr,0.4421776758058336,0.1105971714222549,0.9949525230339222,17.552200317382812,
datasets/german.csv,xgb,sex,10,5,0.0,1.0,"['min_max_scaling', 'standard', 'oversampling', 'clustering', 'stratified_sampling', 'undersampling']",xgb,0.4396302147176911,0.1207395705646178,1.0,3.3128902912139893,
datasets/german.csv,svc,age,50,50,0.25,1.0,"['clustering', 'min_max_scaling', 'ipw', 'oversampling']",svc,0.4363349941043271,0.0654586486315903,0.9381286368402446,45.50686430931091,
datasets/adult.csv,rf,sex,5,10,0.25,0.5,"['oversampling', 'standard', 'undersampling', 'clustering']",rf,0.432776382296821,0.1177017079559523,0.9832544725495944,6.1351964473724365,
datasets/adult.csv,xgb,sex,15,10,0.0,0.25,"['ipw', 'min_max_scaling', 'oversampling', 'undersampling', 'standard', 'clustering']",xgb,0.4242183189198951,0.1385578882586023,0.9869945260983926,18.592610836029053,
datasets/adult.csv,svc,sex,20,10,0.0,0.25,"['min_max_scaling', 'clustering', 'standard', 'undersampling', 'oversampling', 'ipw']",svc,0.4200752570092226,0.1352901979540368,0.975440711972482,25.098143100738525,
datasets/heart.csv,lr,sex,20,5,0.5,1.0,"['matching', 'clustering', 'stratified_sampling', 'oversampling', 'undersampling']",lr,0.4180857932704911,0.0871464460318949,0.9233180325728771,1.6793229579925537,
datasets/heart.csv,svc,sex,15,15,0.0,0.75,"['matching', 'min_max_scaling', 'clustering', 'undersampling', 'standard', 'ipw', 'oversampling']",svc,0.4170430495835477,0.1234365264365264,0.957522625603622,3.835453987121582,
datasets/german.csv,svc,sex,5,50,0.0,1.0,"['min_max_scaling', 'matching', 'undersampling', 'oversampling', 'stratified_sampling']",svc,0.4154405545492553,0.0777861001903758,0.9086672092888864,17.25598645210266,
datasets/adult.csv,lr,sex,50,5,0.25,1.0,"['standard', 'oversampling', 'undersampling']",lr,0.4150526023032938,0.1452651898323796,0.9753703944389672,30.755672216415405,
datasets/heart.csv,rf,sex,50,5,0.75,1.0,"['oversampling', 'clustering', 'undersampling']",rf,0.4021976697858603,0.164967123247607,0.9693624628193276,4.3132688999176025,
datasets/heart.csv,xgb,sex,50,15,0.0,0.75,"['oversampling', 'matching', 'undersampling', 'standard']",xgb,0.3914258318473687,0.1966241826956113,0.9794758463903488,12.499527215957642,
